Event ID,Event Name
1,sgr1935_488409650
2,sgr1935_488642074
3,sgr1935_594627073
4,sgr1935_609711325
5,sgr1935_609727453
6,sgr1935_652927551
7,sgr1935_653065608
8,sgr1935_653066130
9,sgr1935_653066270
10,sgr1935_653072474
11,sgr1935_662010159
12,sgr1935_663669570
13,sgr1935_490786577
14,sgr1935_663869328
15,sgr1935_485255367
16,sgr1935_609727585
17,sgr1935_635206844
18,sgr1935_609886052
19,sgr1935_663928767
20,sgr1935_633609344
21,sgr1935_653031163
22,sgr1935_663825763
23,sgr1935_655401471
24,sgr1935_653181577
25,sgr1935_609727297
26,sgr1935_653084583
27,sgr1935_663927961
28,sgr1935_663929145
29,sgr1935_663710289
30,sgr1935_653170575
31,sgr1935_653310641
32,sgr1935_609726275
33,sgr1935_653066776
34,sgr1935_653099682
35,sgr1935_663923149
36,sgr1935_487974449
37,sgr1935_633626968
38,sgr1935_610840281
39,sgr1935_663960124
40,sgr1935_653059739
41,sgr1935_610241118
42,sgr1935_633569707
43,sgr1935_663580106
44,sgr1935_633721259
45,sgr1935_609705411
46,sgr1935_609717567
47,sgr1935_485414497
48,sgr1935_647310816
49,sgr1935_488128598
50,sgr1935_609706030
51,sgr1935_594557071
52,sgr1935_662488891
53,sgr1935_664034983
54,sgr1935_663613560
55,sgr1935_649814941
56,sgr1935_633596405
57,sgr1935_485473353
58,sgr1935_653141965
59,sgr1935_647641569
60,sgr1935_488626815
61,sgr1935_609705250
62,sgr1935_609709429
63,sgr1935_485523765
64,sgr1935_485556193
65,sgr1935_488409153
66,sgr1935_488409388
67,sgr1935_488409820
68,sgr1935_609705775
69,sgr1935_609706004
70,sgr1935_609711720
71,sgr1935_609727409
72,sgr1935_609727734
73,sgr1935_633626614
74,sgr1935_633667276
75,sgr1935_633963271
76,sgr1935_647653174
77,sgr1935_652585475
78,sgr1935_653067158
79,sgr1935_653213811
80,sgr1935_663618072
81,sgr1935_663885997
82,sgr1935_446813811
83,sgr1935_488414522
84,sgr1935_609705637
85,sgr1935_609710510
86,sgr1935_609714941
87,sgr1935_609716929
88,sgr1935_609727565
89,sgr1935_647682470
90,sgr1935_652929281
91,sgr1935_652929444
92,sgr1935_652934679
93,sgr1935_653084025
94,sgr1935_653506116
95,sgr1935_663129379
96,sgr1935_663630916
97,sgr1935_663757527
98,sgr1935_663763320
99,sgr1935_663881241
100,sgr1935_663882133
101,sgr1935_664022922
